{"products":[{"id":"0.7183324238688302","qty":1}],"totalPrice":2.0400000000000027}